{"cameraMode":{"drawMode":0,"name":"Shaded","section":"Shading Mode"},"sceneLighting":false,"audioPlay":false,"sceneViewState":{"m_AlwaysRefresh":false,"showFog":true,"showSkybox":false,"showFlares":true,"showImageEffects":true,"showParticleSystems":true,"showVisualEffectGraphs":true,"m_FxEnabled":true},"in2DMode":false,"pivot":{"x":-1.6727920770645142,"y":-0.6837732791900635,"z":0.08910506963729859},"rotation":{"x":0.2540833353996277,"y":0.13496877253055573,"z":-0.0358322374522686,"w":0.9570480585098267},"size":2.6668996810913088,"orthographic":false}